layer,scale,misalignment_pct,mean_score
19,-5.0,100.0,1.0
19,0.0,40.0,35.333333333333336
19,5.0,13.333333333333334,58.0
