layer,scale,misalignment_pct,mean_score
19,-5.0,10.0,63.5
19,0.0,10.0,58.666666666666664
19,5.0,46.666666666666664,37.833333333333336
