layer,scale,misalignment_pct,mean_score
19,-5.0,3.3333333333333335,80.0
19,0.0,26.666666666666668,55.333333333333336
19,5.0,70.0,25.166666666666668
